id;nombre;primer_apellido;segundo_apellido;fecha_nacimiento;sexo;parentesco;situacion_profesional
1;repurpose back;Credit THX bluetooth;mindshare Savings;Bedfordshire funcionalidad Account;Nacional;system;hacking Centrado Berkshire
2;Compatible;Account Ejecutivo CSS;copy;eyeballs virtual revolutionary;visualize Australia haptic;driver Configuración;Mobilidad tangible generación
3;dedicada sistemática;Rústico Pequeño transmit;codificar Facilitador Gerente;Práctico Pequeño instrucciones;Andalucía auxiliary Proactivo;systems Equilibrado copying;vortals
4;compressing;recontextualize Deportes;misión RSS Corporativo;Coche capacitor;Extendido invoice;Account Sabroso Senior;expedite compelling
5;sticky synergies;Diseñador e-enable encriptar;Credit e-business;Bebes Rojo;Administrador;el Pollo;Account Adelante Blanco
6;Account Comunidad;auxiliary Croacia;withdrawal override asimétrica;Public-key;Account Money;payment;Comoro Pizza index
7;Bulgaria hack Algodón;Salchichas feed Arquitecto;Botswana;RAM Pataca;bleeding-edge Amarillo back-end;Joyería RSS;Gris
8;Plástico Irlanda Dinar;Avon wireless Pequeño;hacking estable;Guapo Berkshire;Guinea;Gerente Loan;distributed Patatas
9;content AI;synthesizing Gris Heredado;Buckinghamshire Card Hormigon;Sabroso Mejorado Pelota;withdrawal;multi-byte Tailandia Valenciana;reboot Fantástico efficient
10;Juguetería Azul Administrador;Haiti supply-chains;SQL Increible cero;Bedfordshire Librería;optical communities;Vía Ingeniero;Polígono RSS Genérico
